"Occasion","Package name","Pricing","Minimum guests","Serves","Service included","Pricing status"
"Weddings","Wedding Spl Thali","Price on enquiry","25","","See package details","Price on enquiry"
"Weddings","Premium Wedding Buffet","Price on enquiry","25","","Delivery, setup and staff","Price on enquiry"
"Weddings","Traditional Banana Leaf Full Service","Price on enquiry","25","","Delivery, setup and staff","Price on enquiry"
"Traditional Package","Andhra Inti Bhojanam","Price on enquiry","25","","See package details","Price on enquiry"
"Traditional Package","Apna Ghar Ka Bhojan","Price on enquiry","25","","See package details","Price on enquiry"
"Traditional Package","Namba Oru Sapadu","Price on enquiry","25","","See package details","Price on enquiry"
"Combos & Tiffin","Srivari Signature Veg Feast","Price on enquiry","25","","See package details","Price on enquiry"
"Combos & Tiffin","Quick Fill Combo","Price on enquiry","25","","See package details","Price on enquiry"
"Combos & Tiffin","Jumbo Combo","Price on enquiry","25","","See package details","Price on enquiry"
"Combos & Tiffin","Wedding Style Tiffin","Price on enquiry","25","","See package details","Price on enquiry"
"Corporate Events","Srivari Power Lunch","Price on enquiry","","","See package details","Price on enquiry"
"Corporate Events","The Boardroom Feast","Price on enquiry","","","See package details","Price on enquiry"
"Corporate Events","The Meeting Break","Price on enquiry","","","See package details","Price on enquiry"
"Corporate Events","Srivari Executive Feast","Price on enquiry","25","","See package details","Price on enquiry"
"Festive Catering","Small Golu Package","Price on enquiry","","8–10 guests","See package details","Price on enquiry"
"Festive Catering","Medium Golu Package","Price on enquiry","","15–20 guests","See package details","Price on enquiry"
"Festive Catering","Premium Golu Heritage Package","Price on enquiry","","25–30 guests","See package details","Price on enquiry"
"Live Catering","Live Dosa Catering","Price on enquiry","30","","See package details","Price on enquiry"
